﻿<?xml version="1.0" encoding="UTF-8"?>
<manifest xmlns="http://www.imsproject.org/xsd/imscp_rootv1p1p2" xmlns:adlcp="http://www.adlnet.org/xsd/adlcp_rootv1p2" xmlns:xsi="http://www.w3.org/2001/XMLSchema-instance" xsi:schemaLocation="http://www.imsproject.org/xsd/imscp_rootv1p1p2 imscp_rootv1p1p2.xsd http://www.adlnet.org/xsd/adlcp_rootv1p2 adlcp_rootv1p2.xsd" identifier="SLM_28797_Manifest">
<metadata><schema>ADL SCORM</schema><schemaversion>1.2</schemaversion></metadata>
<organizations default="SLM_28797_O_Content">
<organization identifier="SLM_28797_O_Content">
<title><![CDATA[R5_190212_NL_DEMO_Training_InformationSecurity]]></title>
<item identifier="SLM_28796_Content" identifierref="SLM_28796_Resources" isvisible="true">
<title><![CDATA[Training: Informatiebeveiliging]]></title>
</item>
</organization>
</organizations>
<resources>
<resource identifier="SLM_28797_GENERIC" type="webcontent" adlcp:scormtype="asset">
<file href="code.js"/>
<file href="adlcp_rootv1p2.xsd"/>
<file href="ila_mdextensions.xsd"/>
<file href="imscp_rootv1p1p2.xsd"/>
<file href="imsmd_rootv1p2p1.xsd"/>
<file href="ims_xml.xsd"/>
<file href="skin21476.js"/>
<file href="resources/714b32b3-1344-46c4-aef0-75a2968cd0a4.png"/>
<file href="resources/135f239f-7bed-4a98-8839-e947f2bd4622.png"/>
<file href="resources/7531a82e-56a0-4e8c-9bd6-f2df9c50720d.png"/>
<file href="resources/747a4b69-84b3-487f-a752-9a79256b2c22.jpg"/>
<file href="resources/eaf941d7-2d80-4f9a-bb3f-abbcb60d99d5.png"/>
<file href="resources/4f6edf8b-efa1-4c1f-b237-816d42ce40a2.png"/>
<file href="resources/ced6e195-6bc9-48b6-b58a-6cad054439f2.png"/>
<file href="resources/e5676998-e921-445a-be17-2aad30599276.png"/>
<file href="resources/849cbfb9-f6a1-4ac6-90e9-aa3af9b5fb37.png"/>
<file href="resources/afc7bebf-6931-4831-b5ee-36d2eca75382.png"/>
<file href="resources/46c9dd9f-9b21-4006-a51a-35327b817e6a.png"/>
<file href="resources/ae66822a-95b8-4792-a710-d64bdab69c12.png"/>
<file href="resources/6a4a1907-12a9-45d5-abd5-3085c826c87b.png"/>
<file href="resources/855d63ed-3b25-446b-8d1b-4b862684d072.png"/>
<file href="resources/b6dcbfa2-573a-4a3a-9b43-10363f045cba.png"/>
<file href="resources/33102453-18f4-4ad3-bcc9-4611b4a7564c.png"/>
<file href="resources/07428dd5-adab-41d1-a9b4-06b25fd8c578.png"/>
<file href="resources/8e323b6a-5556-4dee-98b7-9b0becd2b24d.png"/>
<file href="resources/0c45140f-2395-47cd-b1bc-b7f30d522855.png"/>
<file href="resources/9ba64466-6152-4c77-8a8b-4cd7fb5c5114.png"/>
<file href="resources/a7a7e993-4a4e-4831-afea-1224cb70774b.png"/>
<file href="resources/f2b90424-eab8-49c3-9553-804fef250b8b.png"/>
<file href="resources/84fd9460-cc80-4def-8945-d9911f5948f6.png"/>
<file href="resources/e0656b5f-4748-4c32-863d-0d3ebc2b6731.png"/>
<file href="resources/ce9d7dae-0c3a-4706-805c-62c3bea30326.png"/>
<file href="resources/8eb62d11-71a8-4594-924d-94273426a33c.png"/>
<file href="resources/7fe7e611-7016-469c-a34d-f17addb0895f.png"/>
<file href="resources/37ec858b-d873-417b-98b8-84be79db9577.png"/>
<file href="resources/ef65c42e-a951-419d-a30c-784be2dbca81.png"/>
<file href="resources/bef924c9-4a18-48e9-96f4-d0422a387528.jpg"/>
<file href="resources/8ab44a14-a7c5-454a-b03e-00776d783f7f.png"/>
<file href="resources/4fd57f6e-f5d3-47d7-9577-5d75920a4b32.png"/>
<file href="resources/aea38376-359f-4ef3-950a-e29a6d153720.png"/>
<file href="resources/d6ff515b-7e79-463a-bfe6-cb5547282d8b.png"/>
<file href="resources/657254ee-63a0-4d76-89f7-960bf1fa310c.png"/>
<file href="resources/fe97cf4c-3d47-4440-90f2-e80a514c8ff0.png"/>
<file href="resources/465b16c1-8d6c-4d0d-a93e-dae9100e1ba1.png"/>
<file href="resources/63030e90-89d6-4517-88d7-567a08207357.png"/>
<file href="resources/835c6d7d-c8d6-4ed5-913f-4013f8b4c759.png"/>
<file href="resources/3fcbc1b3-46b3-4431-8924-176f05ea10d3.png"/>
<file href="resources/e064ed5a-674e-4bfc-a04d-ff9b3a1fd536.png"/>
<file href="resources/611a3bc0-bf62-45a3-a745-b1bdbb08f8e2.png"/>
<file href="resources/9440895a-cfe1-4938-8b9b-375306b63484.png"/>
<file href="resources/44f8ce4a-e065-46e7-a5be-3ace4b164114.png"/>
<file href="resources/cc747e26-67b8-46b1-8dc8-328dde5f32ca.png"/>
<file href="resources/bf14e909-2316-4f42-b37e-60a0270dfc89.png"/>
<file href="resources/4116cc95-a971-40a6-a135-b9fcbe1327cd.png"/>
<file href="resources/ce4e78d3-d2b4-4ae5-8d8e-cd2c49be084b.png"/>
<file href="resources/5557e7fa-76af-40e3-bafa-9f0c2f030f30.jpg"/>
<file href="resources/6bc15da9-3b4c-48b8-8b85-e0ec457c3479.png"/>
<file href="resources/b8d42583-8d3d-4107-b7f0-f71dcb7ab341.png"/>
<file href="resources/1f5ea9b6-ca97-4668-884d-83634f1b19d2.png"/>
<file href="resources/5527718c-8bc9-4611-baba-b5a4f208b82a.png"/>
<file href="resources/e4e45b3c-43cf-461b-b1f3-c7396d699c93.png"/>
<file href="resources/199081ca-da08-4030-9869-1c82c3791357.jpg"/>
<file href="resources/03dce655-a6a0-4671-81c0-49c7c6cb6891.png"/>
<file href="resources/1127a4f9-9810-4487-ac30-f98824884e60.png"/>
<file href="resources/4769cce9-927d-459d-a790-c8bac0d13d9c.png"/>
<file href="resources/9a8da966-43c7-46bd-b815-11cd574625d5.jpg"/>
<file href="resources/d87939e4-3624-452d-8dea-4e2a12137c08.png"/>
<file href="resources/c02ca00d-787b-49c2-9a09-8bd5188e2aa8.png"/>
<file href="resources/29a6db62-85da-4761-8f13-9e936b5b8a00.png"/>
<file href="resources/24f74e7b-ff38-4035-8f09-d7ca330039d4.jpg"/>
<file href="resources/86a7b29e-dbe6-4615-87b4-66ef8ddd0988.png"/>
<file href="resources/abfaf24f-7c1e-4dbb-82a1-0a65dec0e9e4.png"/>
<file href="resources/2e5896c9-ee25-4cdd-b35d-d861f154baa5.png"/>
<file href="resources/889cb319-5c71-482c-bc15-a73b70ccc265.jpg"/>
<file href="resources/74dd6b36-b381-46ea-9546-84e6340dfc2b.png"/>
<file href="resources/fe330856-2450-40d3-b1db-dfcab02563b8.png"/>
<file href="resources/2156f55a-10cf-4fab-87d4-7da42b2badad.png"/>
<file href="resources/67f95076-8645-42bf-bd83-acebe106bbeb.jpg"/>
<file href="resources/973e92b9-99c6-4de0-b691-b7beb43c557f.png"/>
<file href="resources/75d39e25-9ac4-47f1-98b0-b6cf40430bfc.png"/>
<file href="resources/980566e8-c8fb-446d-bcae-d9f30bd27054.png"/>
<file href="resources/5c21a76b-e4d8-4a5a-beb6-33dbd48be11a.jpg"/>
<file href="resources/be31213f-ff64-4079-b712-c87706a74562.png"/>
<file href="resources/00f50f70-e696-4017-87b1-6572a2eea880.png"/>
<file href="resources/2ffa58b5-f13d-438e-8ad6-1df00fa7b27b.png"/>
<file href="resources/87394e4d-c395-479a-bf43-a7bd47fbdf78.jpg"/>
<file href="resources/c5a4815d-2b4f-496c-89ed-0839c2a3062d.png"/>
<file href="resources/ee6b4c33-64d7-4879-b41d-513a44360812.png"/>
<file href="resources/0f5c022e-0906-4371-9c56-65be6f10a2bf.png"/>
<file href="resources/de13ee24-2218-4ffb-86ba-b196ed2b9a0e.jpg"/>
<file href="resources/1632246c-82d6-4d4a-8670-431e35b655ee.png"/>
<file href="resources/6a5b9b5d-06eb-44a9-bdf9-29e8f562ae4f.png"/>
<file href="resources/f791b321-1992-413b-9b3e-2eeb0f089c7a.png"/>
<file href="resources/fe298a73-29eb-4b46-b0e3-d2283a0afbbc.jpg"/>
<file href="resources/68e55120-51db-4985-b513-c4a3737a599d.png"/>
<file href="resources/e03465d3-d98f-41ac-acdd-d0ead26be50f.png"/>
<file href="resources/b708b894-839d-4868-a37b-9573df14645a.png"/>
<file href="resources/00435ce5-3169-4919-9584-fda87c62bfbc.jpg"/>
<file href="resources/1ad211a8-9337-4b10-adfe-3e1fcfc977ca.png"/>
<file href="resources/d7a07c1c-bb24-446e-a949-a3f7e231803f.png"/>
<file href="resources/e24b5d62-2d8b-48c0-91ea-4999c63768ef.png"/>
<file href="resources/0bc97929-dade-4ddc-bcfe-0c965ccdf2f0.jpg"/>
<file href="resources/cda4499a-1605-459f-96bd-052c2fc62330.png"/>
<file href="resources/ea04f137-3bf1-47c5-a2c9-fed27d0eb8bc.png"/>
<file href="resources/1a79ef3a-895a-4627-9c22-a83e13cbdec1.png"/>
<file href="resources/f3250fba-f6c7-4b07-a9dd-27a85fc62818.jpg"/>
<file href="resources/de03fae5-0d2e-4c42-a37a-7d006407bc68.png"/>
<file href="resources/1ea5d93f-62bf-4492-b3af-9a56150bde6f.png"/>
<file href="resources/b524654c-7952-47eb-8821-4f5b03f0aa54.png"/>
<file href="resources/cbbb2e3d-5f57-4038-8c7a-1a267a47c91f.jpg"/>
<file href="resources/efd42b9a-497e-4cba-bd6d-b70ef03f2422.png"/>
<file href="resources/ada2533b-5266-420d-8664-4b1b42b0fdc6.png"/>
<file href="resources/878dcc20-b8a8-4537-9c26-ef5287cc8824.png"/>
<file href="resources/69401b9d-74a0-4e66-93b5-55733a474637.png"/>
<file href="resources/4c226d75-cde8-442f-951a-98f733ed562f.png"/>
<file href="resources/ff0f8112-ffa5-43f6-ad23-82c4d3d43f6a.png"/>
<file href="resources/6a50ec9a-8190-4be4-a643-9408ebf9b2ad.jpg"/>
<file href="resources/851d01f5-84a9-4d7d-9cb2-451b438716d6.png"/>
<file href="resources/c0b7b8f0-fcce-4aae-9f10-82b2a8310dfb.png"/>
<file href="resources/740f3ac7-f71c-43fa-956e-ab6f6ed302d2.png"/>
<file href="resources/6690fbda-6e20-4030-842a-5928c8d32deb.png"/>
<file href="resources/2bd33fe9-8459-47a2-855e-d74ea8553698.png"/>
<file href="resources/02b4f885-40fa-4e33-bf8e-948b9e126532.png"/>
<file href="resources/84bab00d-e5e4-41dd-9706-7956a67e56b0.jpg"/>
<file href="resources/3c618b3a-de8f-4f0d-8af1-508db4ff5fb2.png"/>
<file href="resources/3b4ed4be-ef60-495e-8e19-3a3c6e3f803b.png"/>
<file href="resources/e8c40d8b-706f-405b-bcd6-6384eaa03f84.png"/>
<file href="resources/d3c7c50a-aa58-4a19-8746-8c6e7e045aa3.jpg"/>
<file href="resources/311b97a4-9f7d-43f7-a7d1-86f727a52c89.png"/>
<file href="resources/595cf06c-7d1f-466f-bbd5-0d24d88503d5.png"/>
<file href="resources/66eccc46-74f0-4ee6-b727-6cada1d5a43a.png"/>
<file href="resources/c8ae9e28-87e0-4fa8-9061-eaa1ec4615dd.jpg"/>
<file href="resources/e42589a9-9f32-494d-88e7-32b322c1f0a6.png"/>
<file href="resources/bf0f7a0e-1642-41b3-8b36-cbd05c2ede63.png"/>
<file href="resources/de706074-a506-4b8a-bce1-a656dd0b63dc.png"/>
<file href="resources/66ef2e9d-12d5-44d5-9380-d077095328c1.jpg"/>
<file href="resources/1ce6d6db-8bbe-4926-b1c1-4aa4db90273c.png"/>
<file href="resources/5231c258-118b-47c8-9260-dc56177129da.png"/>
<file href="resources/4ede68d6-b28f-4df1-a571-efe6bf7c1efe.png"/>
<file href="resources/9126a9d0-9a5d-43be-af96-e35690c2bfaf.jpg"/>
<file href="resources/3d27028a-be09-4408-b7de-f28fae76c096.png"/>
<file href="resources/f3bad6e8-d1a2-4df6-9577-60a61ba27d82.png"/>
<file href="resources/c3452086-8a42-45f6-add8-18927f7a2a6e.png"/>
<file href="resources/00f98af9-6d0b-409f-9410-e55d30391a58.png"/>
<file href="resources/3dbc29b8-5a94-4e66-a6f3-de40aee7f60d.png"/>
<file href="resources/c5658e8a-6828-41ed-ac91-51514f202ae4.png"/>
<file href="resources/a30b0969-f1c9-4212-a58f-d0c5d02db087.png"/>
<file href="resources/c86f4e83-0d5f-4010-a0e4-6755bb39dc9a.png"/>
<file href="resources/069a8177-6034-4847-a41d-e6a6fe45e688.png"/>
<file href="resources/fbe814ed-61e7-4430-ac78-682d18ae0d83.jpg"/>
<file href="resources/f25e894c-e40f-4903-9ab8-215ae2804ad8.jpg"/>
<file href="resources/41b8b6d1-6aea-4899-8288-696c291ff5bf.png"/>
<file href="resources/d5f4ea02-1c4b-4b84-bb93-1fa01533603a.png"/>
<file href="resources/b3ad4d12-bf3d-44d5-93f9-d012afc6123a.png"/>
<file href="resources/ce3dbabe-9ba3-4eae-97b9-17c404feeec4.png"/>
<file href="resources/d177fa9e-9d53-4cbc-9515-a1fbcadbcfd7.png"/>
<file href="resources/08260765-9b9d-4335-b411-630eab620e83.png"/>
<file href="resources/28fc9138-50c7-444a-bc04-ac190475efdf.jpg"/>
<file href="resources/e184ee10-1d72-4212-afd9-3b7f735867fc.png"/>
<file href="resources/9ae10e4b-2636-4ccc-8578-bf5d2bec08db.png"/>
<file href="resources/0d86cb5d-a9e7-4052-88c0-96273013d8a3.png"/>
<file href="resources/a2bde0d7-0457-4d1b-98a2-d84c5f5a879c.jpg"/>
<file href="resources/aa2d1741-2525-4f3c-b232-18fb21e0727a.jpg"/>
<file href="resources/b8d459cc-1226-4512-b6d4-c1537c8b0890.png"/>
<file href="resources/631915f4-1e31-4ab5-8388-03c9da3b5b76.png"/>
<file href="resources/85cf21ea-cc80-4f86-ab55-311854916294.png"/>
<file href="resources/1dec13db-c4ac-44d4-9d74-65ceffd2f4b0.jpg"/>
<file href="resources/179f36ce-1610-4fd5-9005-2b7ea710069b.png"/>
<file href="resources/b870f994-5995-41aa-a757-32e13bceb79d.png"/>
<file href="resources/05332edb-bfd2-4355-aa97-fd31f159da97.png"/>
<file href="resources/1baf48aa-4da4-438b-aa46-d790f3f85a1e.jpg"/>
<file href="resources/38b19d4f-17fc-4058-ba3d-7c86f5e2bf59.png"/>
<file href="resources/2efae7cb-1576-4855-b839-9a6812326725.png"/>
<file href="resources/948c00e8-d860-45cc-9ce9-3d3d0578b452.png"/>
<file href="resources/99e9cefd-5547-4d37-bc94-aa481650f635.jpg"/>
<file href="resources/c7dd3933-dd15-4894-9a71-9b9663e0edc2.png"/>
<file href="resources/11caf7f1-5681-499b-a6e9-5804e73b264f.png"/>
<file href="resources/992ed024-eafc-4114-8a86-0d95a757d504.png"/>
<file href="resources/08cf2254-b3a8-4ef9-8c88-54a60d8fdd7c.jpg"/>
<file href="resources/7820b9ad-11ba-4f0e-90ad-edeb8b20d76e.jpg"/>
<file href="resources/659b475f-082b-4c9d-afe1-724154f41316.jpg"/>
<file href="resources/c2e1460c-cbdb-48d8-9928-4b512dc5b49d.jpg"/>
<file href="resources/a212e45d-ecd6-4968-9e93-3d6d2671c685.jpg"/>
<file href="resources/419a02ae-a021-4e0b-a23c-8228a13199a2.jpg"/>
<file href="resources/62eba280-f1d5-4b76-9717-068c31e137b5.jpg"/>
<file href="resources/fcb6118b-a9bf-4e91-a881-c0ccd4da3b07.jpg"/>
<file href="resources/d840d3a6-20fb-492a-93b2-a91171601880.jpg"/>
<file href="resources/ab650de9-fe10-4902-8073-d9af650e91f8.jpg"/>
<file href="resources/652852a2-8e04-45a9-88a7-b94af2833a3e.jpg"/>
<file href="resources/79db047a-4fed-4f71-81be-07f65d22628f.jpg"/>
<file href="resources/10fff6dc-5b02-4008-990e-7a77215ef14d.jpg"/>
<file href="resources/99203db6-e50e-4985-adf7-d38593198bd0.png"/>
<file href="resources/476f2017-29ac-401b-9778-5f439dfa7384.png"/>
<file href="resources/49bc3177-8f36-4286-b302-38a3a8859edd.png"/>
<file href="resources/c754d41c-e73d-480f-83ec-801240e25447.jpg"/>
<file href="resources/27919d3b-6b8a-4d2e-85ee-614dd37de9b0.png"/>
<file href="resources/9ccd7fc0-ef56-4978-a8da-170fd6178ec2.png"/>
<file href="resources/daea49cb-d8ed-400b-8adc-721c2c4c31f5.png"/>
<file href="resources/ef88fc95-dff4-4e26-8ee7-9914b4dfd3a6.png"/>
<file href="resources/7b09cbcf-0e51-46d7-919f-3b377c47304d.png"/>
<file href="resources/53d4ea4e-46be-492a-b99e-af8fcd53f669.png"/>
<file href="resources/4d0d60b0-9aca-4f93-bb96-624bdb649be7.jpg"/>
<file href="resources/abf44968-2a08-452e-b970-5ddd923aad21.png"/>
<file href="resources/8c6e057d-ab61-4e5e-9105-c5c0405b61eb.png"/>
<file href="resources/e8bb22b1-0116-4cbd-b0ef-1c4391b897df.png"/>
<file href="resources/3baeafee-d8a3-4e25-8a0f-32fae2088497.jpg"/>
<file href="resources/fbf10e86-fa10-4663-bafd-4051bd699f65.png"/>
<file href="resources/09adab42-5fca-4588-b3d8-f5720a24c7ab.png"/>
<file href="resources/eee39382-6204-4060-b4b1-fc4e287cb4c5.png"/>
<file href="resources/2f72d21a-4488-4020-b255-2d46ea0a2748.jpg"/>
<file href="resources/cfc0b7e5-0ced-425e-9496-1f6f927f0ba0.png"/>
<file href="resources/a22fda70-d62a-4c1c-acfe-35d39af09003.png"/>
<file href="resources/be35fc0f-3ab4-48fb-b028-9925017482c2.png"/>
<file href="resources/f7a108e7-5c31-4fa4-932f-014978246654.jpg"/>
<file href="resources/c146968e-1ca3-4c96-bf8d-0667ed01035d.png"/>
<file href="resources/846e2100-cd91-4bb3-a5e6-15c93817fd7c.png"/>
<file href="resources/43e283b8-9982-49a4-b60a-c1ac44871e66.png"/>
<file href="resources/8fbac0ed-8c86-499b-87e1-ff08beb2af74.jpg"/>
<file href="resources/02103f36-d589-4474-ad19-0207e3110831.jpg"/>
<file href="resources/8a760b3f-9f10-467d-9a04-310c785ab464.jpg"/>
<file href="resources/e22ae405-1345-4c69-906d-e7244712c2da.jpg"/>
<file href="resources/4516f792-3121-42d8-b4ae-c17415f4479d.jpg"/>
<file href="resources/71c8582a-567f-4b26-9e8c-e00caf960cee.jpg"/>
<file href="resources/b9619f55-6903-43d9-9c98-f2fb167c4423.jpg"/>
<file href="resources/4bfca5d9-c7ac-4f8c-845e-b95c582e37ca.jpg"/>
<file href="resources/bab808af-f9e0-4138-97f3-34b795d39e75.jpg"/>
<file href="resources/07870ff0-d0a3-44e0-a9d3-5fc9c9467d19.jpg"/>
<file href="resources/4235e933-ea24-4f84-afd9-89a0ccf7d140.png"/>
<file href="resources/e49fa01a-caad-4bcb-9963-9b392e55aaa4.png"/>
<file href="resources/bc25ab98-20e1-4417-b62b-db43e81805d1.png"/>
<file href="resources/ed1456a1-a9cc-4ff3-b1ba-755787513a64.png"/>
<file href="resources/a1768f5c-904c-4cee-ae35-3baf80158202.png"/>
<file href="resources/40950873-36f1-4826-951c-4b6828ccdb63.png"/>
<file href="resources/cc1a0c81-59be-43a7-97d3-afe78adeabe9.png"/>
<file href="resources/9da5e65a-fc92-497c-a7ac-95f5d79bb4f9.png"/>
<file href="resources/05aa930d-0c19-41ca-81ab-60b8e5f8d2a3.png"/>
<file href="resources/e1e0289a-7402-4a8a-9b50-90c3efea6790.png"/>
<file href="resources/65d4a244-3d4a-4bec-82aa-73643d8fcd21.png"/>
<file href="resources/f964b87d-6e50-49a7-8641-7d7107923041.png"/>
<file href="resources/04dd0d96-0393-4cac-b5a3-3871002d6833.png"/>
<file href="resources/08951de0-54fc-4fd0-a905-89c97f23b535.png"/>
<file href="resources/0f93e989-6bbd-46d4-9a88-5645d6e6ea29.png"/>
<file href="resources/a4fd0723-6391-4ff9-aaa0-100d2520dcae.png"/>
<file href="resources/ee46d081-dc73-4f55-ab55-97918075bc4d.png"/>
<file href="resources/6370eab3-8c84-4483-aa12-6b8f583ef8c1.png"/>
<file href="resources/0fff8de2-7a37-4bf1-84a2-f586d7db8bd6.png"/>
<file href="resources/92e70559-0791-44fe-8d47-6b3fb1182b03.png"/>
<file href="resources/da0a0c4d-e1d3-4182-bcea-e3a5417c928a.png"/>
<file href="resources/b56c0d7c-6263-47ac-9988-d7fd444ecba5.png"/>
<file href="resources/bb47c7b5-a3f1-41d8-9c48-81fb5936d814.png"/>
<file href="resources/6b6a4ace-4a19-41c4-9a9e-01a40d22ab2f.png"/>
<file href="resources/85ac37d9-e993-4806-a089-ee47114f67c5.png"/>
<file href="resources/91fab3da-be16-4a25-936c-5e7092874d5c.png"/>
<file href="resources/448969d3-2dd5-4b05-8970-cca02c878882.png"/>
<file href="resources/6f2c5238-ed96-4ca8-9bfe-2d190bd38fba.png"/>
<file href="resources/2c7b43dc-cec8-4c33-b663-e6a657215388.png"/>
<file href="resources/a80c1710-df7f-4dab-857b-0c3d3dfba269.png"/>
<file href="resources/3224cbdf-b36d-4f85-bd11-f9be2b9eabc8.png"/>
<file href="resources/59da03bc-1408-4af3-8fe6-2ed1739b8b14.ttf"/>
<file href="resources/ae8c27be-bd0a-4147-958a-53d414d4c7d1.eot"/>
<file href="resources/71ee2cbb-c241-4089-a700-6a5e84c7af8e.png"/>
<file href="resources/1946acf2-8606-4e4c-b9da-17d59dc0a1a9.png"/>
<file href="resources/9185a16d-4efb-49b8-a440-4638aeb7e188.png"/>
<file href="resources/c525c83b-7d39-4b50-b909-8226103d09ce.png"/>
<file href="resources/a91fb599-1bc5-49fc-82a9-ceabb2dfddb5.png"/>
<file href="resources/ac475ff2-63a5-4fda-a683-2d4050a30171.png"/>
<file href="resources/07cff001-5274-4902-9919-d81c9e4d8e48.png"/>
<file href="resources/20bb9186-5d94-4bbd-9fa0-f154552fc86b.png"/>
<file href="resources/84b9b1b9-ed3e-4aa9-a55f-29d505f13636.png"/>
<file href="resources/3e1dbe43-e170-4cfe-b235-a5b3877b4426.jpg"/>
<file href="resources/808f99e4-fbdb-4384-bbe4-04b9524d58c8.png"/>
<file href="resources/ca463821-b978-49d4-9b85-bd2f28174e5a.jpg"/>
<file href="resources/ce7576dc-3a15-4b44-886a-8e8977fdfed0.png"/>
<file href="resources/0ccfe282-820c-441c-b789-9d38dc3ac510.png"/>
<file href="resources/b9e90b3f-c2c6-426e-94ad-02a81794e791.png"/>
<file href="resources/50c9bc46-2ff9-47f4-814b-712624481e89.png"/>
<file href="resources/205d448c-f3f4-46ed-b7e0-6ab26acbd03a.png"/>
<file href="resources/3d21f1a6-194d-47cc-82ca-6cfb0c88b81b.png"/>
<file href="resources/0350c117-2f2c-44f7-83af-16ec866f2d1e.png"/>
<file href="resources/2424692d-c1a4-4c50-a0d8-0962f26dfdee.png"/>
<file href="resources/ec80d0c7-4ae6-4bce-957a-b77a304ec11b.png"/>
<file href="resources/f983a507-3fa2-4177-8cfe-3a9d10f87e70.png"/>
<file href="resources/68368190-52e5-4b13-8907-30c5f38fc748.png"/>
<file href="resources/916f3680-b589-48c4-8a31-60675f9d7499.png"/>
<file href="resources/57807f0d-56b1-491d-a1c9-6fc7acccf3ca.png"/>
<file href="resources/e856fa50-e1dd-4fec-9c7d-2156b03032ad.png"/>
<file href="resources/fb8c5c3b-4ee5-42e2-88df-799c9bc671e4.png"/>
<file href="resources/4e507ced-c669-43ba-bf98-350c13716c89.ttf"/>
<file href="resources/17cab91b-a066-4793-931a-1c4bc5c19881.eot"/>
<file href="resources/76424222-c9db-45b1-8832-7857c0bcc5f9.woff"/>
<file href="resources/55f264ac-9ce9-4cbc-ba8e-4792d3f2c6aa.ttf"/>
<file href="resources/59911123-702d-4eb5-820d-3df82aa02770.eot"/>
<file href="resources/cfdddf93-f8a3-4bf1-a2e3-8a975aff21b7.woff"/>
<file href="resources/f520a8cf-5574-424a-b01c-70e2ba2ec0ce.png"/>
<file href="resources/fb79b398-4cd3-4dab-b646-724a784e8d0a.png"/>
<file href="resources/3bd8e4b9-7db5-4391-9f13-7dcc2d7e332d.png"/>
<file href="resources/cc5e60d4-734c-4aa2-aeaa-e1a6bb9505c3.png"/>
<file href="resources/5e457508-0454-47d2-877b-0e173cb2106b.png"/>
<file href="resources/94339b3d-46f6-4f6b-b718-e6e6928501cf.png"/>
<file href="resources/00bb9ec2-ab84-47b3-8550-d4d52cafd3a8.png"/>
<file href="resources/3a3af4de-bf55-455c-bd0b-a6a1a2c9251f.png"/>
<file href="resources/a0923924-80b7-45d7-9b01-184fd4cee40d.png"/>
<file href="resources/0f471e85-178e-412c-b16c-6b76cc328a81.png"/>
<file href="resources/3237bf50-e64f-4530-8a56-faf89068a96e.png"/>
<file href="resources/bcb87ca4-1691-489d-9a8f-3fc42777cc99.png"/>
<file href="resources/f9794d6f-ff14-45dc-a608-e27ceeb3fa39.ttf"/>
<file href="resources/93847d3c-2478-4d15-b5eb-265560dba69d.eot"/>
<file href="resources/befff900-fa76-4829-9dc5-73e557810660.woff"/>
<file href="resources/abb81b48-361b-417a-895c-1f7241152c71.svg"/>
<file href="resources/f516be21-28b5-4f51-a831-e1e133e007bc.ttf"/>
<file href="resources/eacf2af2-f54e-4e34-91dc-90b4ced782fc.eot"/>
<file href="resources/1cedf147-9d29-464e-a2ab-871900abe828.woff"/>
<file href="resources/e9638f8c-86aa-46b1-83a8-c215973d5713.svg"/>
<file href="resources/3cdb1237-cb30-49f2-bf2d-62c0c4f4b4c5.png"/>
<file href="skin21476_resources.js"/>
<file href="skin21476_texts.js"/>
</resource>
<resource identifier="SLM_28796_Resources" type="webcontent" adlcp:scormtype="sco" href="Module28796.htm">
<file href="Module28796/data.js"/>
<file href="resources/e8e695f0-b2d6-4d88-b036-4773f6b86d32.mp4"/>
<file href="resources/45b51e2e-7c84-4057-808e-e9ec584a9850.mp4"/>
<file href="resources/ad3f8e1e-7bb4-45ca-bf7c-670e394a4807.vtt"/>
<file href="resources/b55e05e9-2c9a-471f-a89d-818243c1e0f0.png"/>
<file href="resources/16621e8a-f370-477e-9786-ead99172d3ef.png"/>
<file href="resources/350fa98f-80ca-410a-85b2-fe00a17501f8.vtt"/>
<file href="resources/35f35451-a7ad-42a5-ac3b-572d17a6bc98.mp4"/>
<file href="resources/cb05fb97-7bc1-42fd-81e3-070f5ff47bd4.mp4"/>
<file href="resources/8b281b49-7c3a-479a-b9ad-2ea3acc7ed19.vtt"/>
<file href="resources/a2d236a8-3468-48fa-9150-4bf1b8df72b2.png"/>
<file href="resources/b56c0d7c-6263-47ac-9988-d7fd444ecba5.png"/>
<file href="resources/7adf0666-6463-4515-9398-996d12f9cc5e.png"/>
<file href="resources/961a661f-29c1-410e-90b6-dc11c57950ea.png"/>
<file href="resources/03629a8c-787f-458b-afde-fd7231ac1167.png"/>
<file href="resources/bec974d7-3196-499c-85f8-d71c1de37789.png"/>
<file href="resources/84fd9460-cc80-4def-8945-d9911f5948f6.png"/>
<file href="resources/8eb62d11-71a8-4594-924d-94273426a33c.png"/>
<file href="Module28796/data_resources.js"/>
<file href="Module28796/data_texts.js"/>
<file href="Module28796.htm"/>
<file href="Opener28796.htm"/>
<dependency identifierref="SLM_28797_GENERIC"/>
</resource>
</resources>
</manifest>
